{
  "name": "Applied Energistics 2",
  "quests": [
    {
      "uuid": "fe4c290f-bcaf-4a7e-8d47-936ee5f7bacc",
      "name": "Unnamed",
      "description": "Unnamed quest",
      "x": 141,
      "y": 17,
      "icon": {
        "id": "appliedenergistics2:fluix_glass_cable",
        "Count": 1
      },
      "tasks": [
        {
          "type": "CRAFT",
          "items": [
            {
              "item": {
                "id": "appliedenergistics2:fluix_glass_cable",
                "Count": 6
              },
              "required": 6,
              "precision": "FUZZY"
            }
          ]
        }
      ],
      "prerequisites": [
        "e890ee12-8db4-4329-bc2c-d21d5ab4363f"
      ],
      "optionlinks": [],
      "reward": [],
      "rewardchoice": [],
      "commandrewards": []
    },
    {
      "uuid": "3d795a6b-034f-484a-acd0-a5b659f25803",
      "name": "Unnamed",
      "description": "Unnamed quest",
      "x": 86,
      "y": 101,
      "icon": {
        "id": "appliedenergistics2:drive",
        "Count": 1
      },
      "tasks": [
        {
          "type": "CRAFT",
          "items": [
            {
              "item": {
                "id": "appliedenergistics2:drive",
                "Count": 1
              }
            }
          ]
        }
      ],
      "prerequisites": [
        "7662b5bc-bd33-41f8-ae20-7885eb73c7b7"
      ],
      "optionlinks": [],
      "reward": [],
      "rewardchoice": [],
      "commandrewards": []
    },
    {
      "uuid": "3a732c1b-ff86-44f1-b1f1-5381d165e00a",
      "name": "Unnamed",
      "description": "Unnamed quest",
      "x": 271,
      "y": 154,
      "icon": {
        "id": "appliedenergistics2:wireless_terminal",
        "Count": 1,
        "tag": {
          "Damage": 0
        }
      },
      "tasks": [
        {
          "type": "CRAFT",
          "items": [
            {
              "item": {
                "id": "appliedenergistics2:wireless_terminal",
                "Count": 1,
                "tag": {
                  "Damage": 0
                }
              },
              "precision": "FUZZY"
            }
          ]
        }
      ],
      "prerequisites": [
        "9461b11e-ca58-4ea7-8104-f533544ac5d4"
      ],
      "optionlinks": [],
      "reward": [],
      "rewardchoice": [],
      "commandrewards": []
    },
    {
      "uuid": "7b51f341-2156-46ce-a1d3-fbc455bdf763",
      "name": "Unnamed",
      "description": "Unnamed quest",
      "x": 272,
      "y": 80,
      "icon": {
        "id": "appliedenergistics2:16k_crafting_storage",
        "Count": 1
      },
      "tasks": [
        {
          "type": "CRAFT",
          "items": [
            {
              "item": {
                "id": "appliedenergistics2:16k_crafting_storage",
                "Count": 1
              }
            }
          ]
        }
      ],
      "prerequisites": [
        "3f152d98-77cb-4dfc-a539-ace4d482b64d"
      ],
      "optionlinks": [],
      "reward": [],
      "rewardchoice": [],
      "commandrewards": []
    },
    {
      "uuid": "f1f1ffa4-d83e-4e76-a951-fb4e0915c9d4",
      "name": "Unnamed",
      "description": "Unnamed quest",
      "x": 86,
      "y": 190,
      "icon": {
        "id": "appliedenergistics2:16k_storage_cell",
        "Count": 1,
        "tag": {}
      },
      "tasks": [
        {
          "type": "DETECT",
          "items": [
            {
              "item": {
                "id": "appliedenergistics2:16k_storage_cell",
                "Count": 1,
                "tag": {}
              },
              "precision": "FUZZY"
            }
          ]
        }
      ],
      "prerequisites": [
        "e5889bfc-acff-4498-852b-a0883b512a08"
      ],
      "optionlinks": [],
      "reward": [],
      "rewardchoice": [],
      "commandrewards": []
    },
    {
      "uuid": "8dce24ad-81c1-42f9-ae7c-2935bb6449f2",
      "name": "Unnamed",
      "description": "Unnamed quest",
      "x": 272,
      "y": 17,
      "icon": {
        "id": "appliedenergistics2:1k_crafting_storage",
        "Count": 1
      },
      "tasks": [
        {
          "type": "CRAFT",
          "items": [
            {
              "item": {
                "id": "appliedenergistics2:1k_crafting_storage",
                "Count": 1
              }
            }
          ]
        }
      ],
      "prerequisites": [
        "b1c80d28-b872-4ab5-aa70-9e8132038e89"
      ],
      "optionlinks": [],
      "reward": [],
      "rewardchoice": [],
      "commandrewards": []
    },
    {
      "uuid": "7003cd46-d242-4540-8b06-fd4626dd39df",
      "name": "Unnamed",
      "description": "Unnamed quest",
      "x": 213,
      "y": 48,
      "icon": {
        "id": "appliedenergistics2:crafting_accelerator",
        "Count": 1
      },
      "tasks": [
        {
          "type": "CRAFT",
          "items": [
            {
              "item": {
                "id": "appliedenergistics2:crafting_accelerator",
                "Count": 1
              }
            }
          ]
        }
      ],
      "prerequisites": [
        "001c5d73-ef5b-4436-9bdb-ac85a9ed7096"
      ],
      "optionlinks": [],
      "reward": [],
      "rewardchoice": [],
      "commandrewards": []
    },
    {
      "uuid": "2f5eca14-ab98-474e-a042-fd679cff0ac1",
      "name": "Unnamed",
      "description": "Unnamed quest",
      "x": 176,
      "y": 14,
      "bigicon": true,
      "icon": {
        "id": "appliedenergistics2:interface",
        "Count": 1
      },
      "tasks": [
        {
          "type": "CRAFT",
          "items": [
            {
              "item": {
                "id": "appliedenergistics2:interface",
                "Count": 1
              }
            }
          ]
        }
      ],
      "prerequisites": [],
      "optionlinks": [],
      "reward": [],
      "rewardchoice": [],
      "commandrewards": []
    },
    {
      "uuid": "a3ea31ba-f70b-4d90-af72-330748131664",
      "name": "Unnamed",
      "description": "Unnamed quest",
      "x": 86,
      "y": 130,
      "icon": {
        "id": "appliedenergistics2:1k_storage_cell",
        "Count": 1,
        "tag": {}
      },
      "tasks": [
        {
          "type": "DETECT",
          "items": [
            {
              "item": {
                "id": "appliedenergistics2:1k_storage_cell",
                "Count": 1,
                "tag": {}
              },
              "precision": "FUZZY"
            }
          ]
        }
      ],
      "prerequisites": [
        "3d795a6b-034f-484a-acd0-a5b659f25803"
      ],
      "optionlinks": [],
      "reward": [],
      "rewardchoice": [],
      "commandrewards": []
    },
    {
      "uuid": "fbe805df-e5fe-4f9a-8f06-2bebb28ce07b",
      "name": "Unnamed",
      "description": "Unnamed quest",
      "x": 85,
      "y": 17,
      "icon": {
        "id": "appliedenergistics2:charger",
        "Count": 1
      },
      "tasks": [
        {
          "type": "CRAFT",
          "items": [
            {
              "item": {
                "id": "appliedenergistics2:charger",
                "Count": 1
              }
            }
          ]
        }
      ],
      "prerequisites": [
        "cd5006d8-b1fc-4aef-a05d-fe29edcc5d91"
      ],
      "optionlinks": [],
      "reward": [],
      "rewardchoice": [],
      "commandrewards": []
    },
    {
      "uuid": "681cc0e9-8dae-47ea-b623-dafb1bf0b250",
      "name": "Unnamed",
      "description": "Unnamed quest",
      "x": 272,
      "y": 187,
      "icon": {
        "id": "appliedenergistics2:quantum_ring",
        "Count": 1
      },
      "tasks": [
        {
          "type": "CRAFT",
          "items": [
            {
              "item": {
                "id": "appliedenergistics2:quantum_ring",
                "Count": 1
              }
            }
          ]
        }
      ],
      "prerequisites": [
        "c0eb6e7d-4c83-45a3-b2d4-8b719cd1d26c"
      ],
      "optionlinks": [],
      "reward": [],
      "rewardchoice": [],
      "commandrewards": []
    },
    {
      "uuid": "8fa35d40-868c-42ce-9d15-6913d315e5b8",
      "name": "Unnamed",
      "description": "Unnamed quest",
      "x": 205,
      "y": 184,
      "bigicon": true,
      "icon": {
        "id": "appliedenergistics2:quantum_entangled_singularity",
        "Count": 1
      },
      "tasks": [
        {
          "type": "DETECT",
          "items": [
            {
              "item": {
                "id": "appliedenergistics2:quantum_entangled_singularity",
                "Count": 2
              },
              "required": 2,
              "precision": "FUZZY"
            }
          ]
        }
      ],
      "prerequisites": [],
      "optionlinks": [],
      "reward": [],
      "rewardchoice": [],
      "commandrewards": []
    },
    {
      "uuid": "76480c7e-f05a-401e-a38f-95e074bca3aa",
      "name": "Unnamed",
      "description": "Unnamed quest",
      "x": 114,
      "y": 101,
      "icon": {
        "id": "appliedenergistics2:crafting_terminal",
        "Count": 1
      },
      "tasks": [
        {
          "type": "CRAFT",
          "items": [
            {
              "item": {
                "id": "appliedenergistics2:crafting_terminal",
                "Count": 1
              }
            }
          ]
        }
      ],
      "prerequisites": [
        "3d795a6b-034f-484a-acd0-a5b659f25803"
      ],
      "optionlinks": [],
      "reward": [],
      "rewardchoice": [],
      "commandrewards": []
    },
    {
      "uuid": "26ca747e-e7a1-4106-a8c6-6c218526eb9c",
      "name": "Unnamed",
      "description": "Unnamed quest",
      "x": 272,
      "y": 112,
      "icon": {
        "id": "appliedenergistics2:64k_crafting_storage",
        "Count": 1
      },
      "tasks": [
        {
          "type": "CRAFT",
          "items": [
            {
              "item": {
                "id": "appliedenergistics2:64k_crafting_storage",
                "Count": 1
              }
            }
          ]
        }
      ],
      "prerequisites": [
        "7b51f341-2156-46ce-a1d3-fbc455bdf763"
      ],
      "optionlinks": [],
      "reward": [],
      "rewardchoice": [],
      "commandrewards": []
    },
    {
      "uuid": "8c006bdc-1ed0-4ab1-a13f-38c1a0b41638",
      "name": "Unnamed",
      "description": "Unnamed quest",
      "x": 179,
      "y": 54,
      "icon": {
        "id": "appliedenergistics2:storage_bus",
        "Count": 1
      },
      "tasks": [
        {
          "type": "CRAFT",
          "items": [
            {
              "item": {
                "id": "appliedenergistics2:storage_bus",
                "Count": 1
              }
            }
          ]
        }
      ],
      "prerequisites": [
        "2f5eca14-ab98-474e-a042-fd679cff0ac1"
      ],
      "optionlinks": [],
      "reward": [],
      "rewardchoice": [],
      "commandrewards": []
    },
    {
      "uuid": "76ec9c72-41b5-4305-be52-921f4632a140",
      "name": "Unnamed",
      "description": "Unnamed quest",
      "x": 114,
      "y": 131,
      "icon": {
        "id": "appliedenergistics2:pattern_terminal",
        "Count": 1
      },
      "tasks": [
        {
          "type": "CRAFT",
          "items": [
            {
              "item": {
                "id": "appliedenergistics2:pattern_terminal",
                "Count": 1
              }
            }
          ]
        }
      ],
      "prerequisites": [
        "76480c7e-f05a-401e-a38f-95e074bca3aa"
      ],
      "optionlinks": [],
      "reward": [],
      "rewardchoice": [],
      "commandrewards": []
    },
    {
      "uuid": "3cd42494-2c7d-4b34-abe8-a25c853c5553",
      "name": "Unnamed",
      "description": "Unnamed quest",
      "x": 57,
      "y": 49,
      "icon": {
        "id": "appliedenergistics2:inscriber",
        "Count": 1
      },
      "prerequisites": [
        "cd5006d8-b1fc-4aef-a05d-fe29edcc5d91"
      ],
      "optionlinks": [],
      "reward": [],
      "rewardchoice": [],
      "commandrewards": []
    },
    {
      "uuid": "18a7b802-dfbf-4644-b609-3f5184edebb8",
      "name": "Unnamed",
      "description": "Unnamed quest",
      "x": 57,
      "y": 131,
      "icon": {
        "id": "appliedenergistics2:fluix_smart_dense_cable",
        "Count": 1
      },
      "tasks": [
        {
          "type": "CRAFT",
          "items": [
            {
              "item": {
                "id": "appliedenergistics2:fluix_smart_dense_cable",
                "Count": 1
              }
            }
          ]
        }
      ],
      "prerequisites": [
        "7662b5bc-bd33-41f8-ae20-7885eb73c7b7"
      ],
      "optionlinks": [],
      "reward": [],
      "rewardchoice": [],
      "commandrewards": []
    },
    {
      "uuid": "fd7e0da0-cc74-4cfe-b7bc-c332fa768b76",
      "name": "Unnamed",
      "description": "Unnamed quest",
      "x": 179,
      "y": 85,
      "icon": {
        "id": "appliedenergistics2:import_bus",
        "Count": 1
      },
      "tasks": [
        {
          "type": "CRAFT",
          "items": [
            {
              "item": {
                "id": "appliedenergistics2:import_bus",
                "Count": 1
              }
            }
          ]
        }
      ],
      "prerequisites": [
        "8c006bdc-1ed0-4ab1-a13f-38c1a0b41638"
      ],
      "optionlinks": [],
      "reward": [],
      "rewardchoice": [],
      "commandrewards": []
    },
    {
      "uuid": "b1c80d28-b872-4ab5-aa70-9e8132038e89",
      "name": "Unnamed",
      "description": "Unnamed quest",
      "x": 243,
      "y": 17,
      "icon": {
        "id": "appliedenergistics2:molecular_assembler",
        "Count": 1
      },
      "tasks": [
        {
          "type": "CRAFT",
          "items": [
            {
              "item": {
                "id": "appliedenergistics2:molecular_assembler",
                "Count": 1
              }
            }
          ]
        }
      ],
      "prerequisites": [
        "001c5d73-ef5b-4436-9bdb-ac85a9ed7096"
      ],
      "optionlinks": [],
      "reward": [],
      "rewardchoice": [],
      "commandrewards": []
    },
    {
      "uuid": "46d70fd6-ac9b-4f65-b177-4d4df06534fd",
      "name": "Unnamed",
      "description": "Unnamed quest",
      "x": 299,
      "y": 154,
      "icon": {
        "id": "appliedenergistics2:wireless_booster",
        "Count": 1
      },
      "tasks": [
        {
          "type": "CRAFT",
          "items": [
            {
              "item": {
                "id": "appliedenergistics2:wireless_booster",
                "Count": 1
              }
            }
          ]
        }
      ],
      "prerequisites": [
        "3a732c1b-ff86-44f1-b1f1-5381d165e00a"
      ],
      "optionlinks": [],
      "reward": [],
      "rewardchoice": [],
      "commandrewards": []
    },
    {
      "uuid": "2cc003c8-20dd-42db-9bd0-1d8e3256c459",
      "name": "Unnamed",
      "description": "Unnamed quest",
      "x": 141,
      "y": 49,
      "icon": {
        "id": "appliedenergistics2:quartz_growth_accelerator",
        "Count": 1
      },
      "tasks": [
        {
          "type": "CRAFT",
          "items": [
            {
              "item": {
                "id": "appliedenergistics2:quartz_growth_accelerator",
                "Count": 4
              },
              "required": 4,
              "precision": "FUZZY"
            }
          ]
        }
      ],
      "prerequisites": [
        "fe4c290f-bcaf-4a7e-8d47-936ee5f7bacc"
      ],
      "optionlinks": [],
      "reward": [],
      "rewardchoice": [],
      "commandrewards": []
    },
    {
      "uuid": "b0a6a34e-8c77-4944-9b90-d87504698c88",
      "name": "Unnamed",
      "description": "Unnamed quest",
      "x": 21,
      "y": 98,
      "bigicon": true,
      "icon": {
        "id": "appliedenergistics2:controller",
        "Count": 1
      },
      "tasks": [
        {
          "type": "CRAFT",
          "items": [
            {
              "item": {
                "id": "appliedenergistics2:controller",
                "Count": 1
              }
            }
          ]
        }
      ],
      "prerequisites": [],
      "optionlinks": [],
      "reward": [],
      "rewardchoice": [],
      "commandrewards": []
    },
    {
      "uuid": "04a1d062-4711-4d6d-b408-cd6bd06b20a8",
      "name": "Unnamed",
      "description": "Unnamed quest",
      "x": 114,
      "y": 161,
      "icon": {
        "id": "appliedenergistics2:interface_terminal",
        "Count": 1
      },
      "tasks": [
        {
          "type": "CRAFT",
          "items": [
            {
              "item": {
                "id": "appliedenergistics2:interface_terminal",
                "Count": 1
              }
            }
          ]
        }
      ],
      "prerequisites": [
        "76ec9c72-41b5-4305-be52-921f4632a140"
      ],
      "optionlinks": [],
      "reward": [],
      "rewardchoice": [],
      "commandrewards": []
    },
    {
      "uuid": "e890ee12-8db4-4329-bc2c-d21d5ab4363f",
      "name": "Unnamed",
      "description": "Unnamed quest",
      "x": 113,
      "y": 17,
      "icon": {
        "id": "appliedenergistics2:energy_acceptor",
        "Count": 1
      },
      "tasks": [
        {
          "type": "CRAFT",
          "items": [
            {
              "item": {
                "id": "appliedenergistics2:energy_acceptor",
                "Count": 1
              }
            }
          ]
        }
      ],
      "prerequisites": [
        "fbe805df-e5fe-4f9a-8f06-2bebb28ce07b"
      ],
      "optionlinks": [],
      "reward": [],
      "rewardchoice": [],
      "commandrewards": []
    },
    {
      "uuid": "a1a51bb6-717f-499d-8936-6b2e8983e78d",
      "name": "Unnamed",
      "description": "Unnamed quest",
      "x": 57,
      "y": 190,
      "icon": {
        "id": "appliedenergistics2:64k_storage_cell",
        "Count": 1,
        "tag": {}
      },
      "tasks": [
        {
          "type": "DETECT",
          "items": [
            {
              "item": {
                "id": "appliedenergistics2:64k_storage_cell",
                "Count": 1,
                "tag": {}
              },
              "precision": "FUZZY"
            }
          ]
        }
      ],
      "prerequisites": [
        "f1f1ffa4-d83e-4e76-a951-fb4e0915c9d4"
      ],
      "optionlinks": [],
      "reward": [],
      "rewardchoice": [],
      "commandrewards": []
    },
    {
      "uuid": "001c5d73-ef5b-4436-9bdb-ac85a9ed7096",
      "name": "Unnamed",
      "description": "Unnamed quest",
      "x": 213,
      "y": 17,
      "icon": {
        "id": "appliedenergistics2:crafting_unit",
        "Count": 1
      },
      "tasks": [
        {
          "type": "CRAFT",
          "items": [
            {
              "item": {
                "id": "appliedenergistics2:crafting_unit",
                "Count": 1
              }
            }
          ]
        }
      ],
      "prerequisites": [
        "2f5eca14-ab98-474e-a042-fd679cff0ac1"
      ],
      "optionlinks": [],
      "reward": [],
      "rewardchoice": [],
      "commandrewards": []
    },
    {
      "uuid": "3f152d98-77cb-4dfc-a539-ace4d482b64d",
      "name": "Unnamed",
      "description": "Unnamed quest",
      "x": 272,
      "y": 49,
      "icon": {
        "id": "appliedenergistics2:4k_crafting_storage",
        "Count": 1
      },
      "tasks": [
        {
          "type": "CRAFT",
          "items": [
            {
              "item": {
                "id": "appliedenergistics2:4k_crafting_storage",
                "Count": 1
              }
            }
          ]
        }
      ],
      "prerequisites": [
        "8dce24ad-81c1-42f9-ae7c-2935bb6449f2"
      ],
      "optionlinks": [],
      "reward": [],
      "rewardchoice": [],
      "commandrewards": []
    },
    {
      "uuid": "e5889bfc-acff-4498-852b-a0883b512a08",
      "name": "Unnamed",
      "description": "Unnamed quest",
      "x": 86,
      "y": 160,
      "icon": {
        "id": "appliedenergistics2:4k_storage_cell",
        "Count": 1,
        "tag": {}
      },
      "tasks": [
        {
          "type": "DETECT",
          "items": [
            {
              "item": {
                "id": "appliedenergistics2:4k_storage_cell",
                "Count": 1,
                "tag": {}
              },
              "precision": "FUZZY"
            }
          ]
        }
      ],
      "prerequisites": [
        "a3ea31ba-f70b-4d90-af72-330748131664"
      ],
      "optionlinks": [],
      "reward": [],
      "rewardchoice": [],
      "commandrewards": []
    },
    {
      "uuid": "9461b11e-ca58-4ea7-8104-f533544ac5d4",
      "name": "Unnamed",
      "description": "Unnamed quest",
      "x": 242,
      "y": 154,
      "icon": {
        "id": "appliedenergistics2:wireless_access_point",
        "Count": 1
      },
      "tasks": [
        {
          "type": "CRAFT",
          "items": [
            {
              "item": {
                "id": "appliedenergistics2:wireless_access_point",
                "Count": 1
              }
            }
          ]
        }
      ],
      "prerequisites": [
        "89b6cff1-e509-4041-be08-a30cd8c2e839"
      ],
      "optionlinks": [],
      "reward": [],
      "rewardchoice": [],
      "commandrewards": []
    },
    {
      "uuid": "3dabfff3-e479-44a3-ae8b-d35a75f81041",
      "name": "Unnamed",
      "description": "Unnamed quest",
      "x": 141,
      "y": 81,
      "icon": {
        "id": "appliedenergistics2:fluix_crystal_seed",
        "Count": 1
      },
      "tasks": [
        {
          "type": "DETECT",
          "items": [
            {
              "item": {
                "id": "appliedenergistics2:fluix_crystal_seed",
                "Count": 4
              },
              "required": 4,
              "precision": "FUZZY"
            }
          ]
        }
      ],
      "prerequisites": [
        "2cc003c8-20dd-42db-9bd0-1d8e3256c459"
      ],
      "optionlinks": [],
      "reward": [],
      "rewardchoice": [],
      "commandrewards": []
    },
    {
      "uuid": "c0eb6e7d-4c83-45a3-b2d4-8b719cd1d26c",
      "name": "Unnamed",
      "description": "Unnamed quest",
      "x": 242,
      "y": 187,
      "icon": {
        "id": "appliedenergistics2:quantum_link",
        "Count": 1
      },
      "tasks": [
        {
          "type": "CRAFT",
          "items": [
            {
              "item": {
                "id": "appliedenergistics2:quantum_link",
                "Count": 1
              }
            }
          ]
        }
      ],
      "prerequisites": [
        "8fa35d40-868c-42ce-9d15-6913d315e5b8"
      ],
      "optionlinks": [],
      "reward": [],
      "rewardchoice": [],
      "commandrewards": []
    },
    {
      "uuid": "89b6cff1-e509-4041-be08-a30cd8c2e839",
      "name": "Unnamed",
      "description": "Unnamed quest",
      "x": 213,
      "y": 154,
      "icon": {
        "id": "appliedenergistics2:biometric_card",
        "Count": 1,
        "tag": {}
      },
      "tasks": [
        {
          "type": "CRAFT",
          "items": [
            {
              "item": {
                "id": "appliedenergistics2:biometric_card",
                "Count": 1,
                "tag": {}
              }
            }
          ]
        }
      ],
      "prerequisites": [
        "debdeb7d-ebcb-4234-a156-9fe1b1ed881c"
      ],
      "optionlinks": [],
      "reward": [],
      "rewardchoice": [],
      "commandrewards": []
    },
    {
      "uuid": "403effbb-fa63-4a77-8a67-16d783b20562",
      "name": "Unnamed",
      "description": "Unnamed quest",
      "x": 24,
      "y": 137,
      "icon": {
        "id": "appliedenergistics2:me_p2p_tunnel",
        "Count": 1
      },
      "tasks": [
        {
          "type": "CRAFT",
          "items": [
            {
              "item": {
                "id": "appliedenergistics2:me_p2p_tunnel",
                "Count": 1
              }
            }
          ]
        }
      ],
      "prerequisites": [
        "b0a6a34e-8c77-4944-9b90-d87504698c88"
      ],
      "optionlinks": [],
      "reward": [],
      "rewardchoice": [],
      "commandrewards": []
    },
    {
      "uuid": "cd5006d8-b1fc-4aef-a05d-fe29edcc5d91",
      "name": "Unnamed",
      "description": "Unnamed quest",
      "x": 57,
      "y": 17,
      "icon": {
        "id": "appliedenergistics2:fluix_crystal",
        "Count": 1
      },
      "tasks": [
        {
          "type": "DETECT",
          "items": [
            {
              "item": {
                "id": "appliedenergistics2:fluix_crystal",
                "Count": 16
              },
              "required": 16
            }
          ]
        }
      ],
      "prerequisites": [
        "c7fb7ad4-2353-48a8-896c-ecfc01828a71"
      ],
      "optionlinks": [],
      "reward": [],
      "rewardchoice": [],
      "commandrewards": []
    },
    {
      "uuid": "7662b5bc-bd33-41f8-ae20-7885eb73c7b7",
      "name": "Unnamed",
      "description": "Unnamed quest",
      "x": 57,
      "y": 101,
      "icon": {
        "id": "appliedenergistics2:fluix_smart_cable",
        "Count": 1
      },
      "tasks": [
        {
          "type": "CRAFT",
          "items": [
            {
              "item": {
                "id": "appliedenergistics2:fluix_smart_cable",
                "Count": 1
              }
            }
          ]
        }
      ],
      "prerequisites": [
        "b0a6a34e-8c77-4944-9b90-d87504698c88"
      ],
      "optionlinks": [],
      "reward": [],
      "rewardchoice": [],
      "commandrewards": []
    },
    {
      "uuid": "fec3885d-b881-443a-ad78-cc6e26a04566",
      "name": "Unnamed",
      "description": "Unnamed quest",
      "x": 24,
      "y": 169,
      "icon": {
        "id": "appliedenergistics2:memory_card",
        "Count": 1,
        "tag": {}
      },
      "tasks": [
        {
          "type": "CRAFT",
          "items": [
            {
              "item": {
                "id": "appliedenergistics2:memory_card",
                "Count": 1,
                "tag": {}
              }
            }
          ]
        }
      ],
      "prerequisites": [
        "403effbb-fa63-4a77-8a67-16d783b20562"
      ],
      "optionlinks": [],
      "reward": [],
      "rewardchoice": [],
      "commandrewards": []
    },
    {
      "uuid": "c7fb7ad4-2353-48a8-896c-ecfc01828a71",
      "name": "Unnamed",
      "description": "Unnamed quest",
      "x": 21,
      "y": 14,
      "bigicon": true,
      "icon": {
        "id": "appliedenergistics2:charged_certus_quartz_crystal",
        "Count": 1
      },
      "tasks": [
        {
          "type": "DETECT",
          "items": [
            {
              "item": {
                "id": "appliedenergistics2:charged_certus_quartz_crystal",
                "Count": 1
              }
            }
          ]
        }
      ],
      "prerequisites": [],
      "optionlinks": [],
      "reward": [],
      "rewardchoice": [],
      "commandrewards": []
    },
    {
      "uuid": "debdeb7d-ebcb-4234-a156-9fe1b1ed881c",
      "name": "Unnamed",
      "description": "Unnamed quest",
      "x": 177,
      "y": 151,
      "bigicon": true,
      "icon": {
        "id": "appliedenergistics2:security_station",
        "Count": 1
      },
      "tasks": [
        {
          "type": "CRAFT",
          "items": [
            {
              "item": {
                "id": "appliedenergistics2:security_station",
                "Count": 1
              }
            }
          ]
        }
      ],
      "prerequisites": [],
      "optionlinks": [],
      "reward": [],
      "rewardchoice": [],
      "commandrewards": []
    },
    {
      "uuid": "17961acc-f0ab-4db3-8a41-5fee077da5af",
      "name": "Unnamed",
      "description": "Unnamed quest",
      "x": 179,
      "y": 116,
      "icon": {
        "id": "appliedenergistics2:export_bus",
        "Count": 1
      },
      "tasks": [
        {
          "type": "CRAFT",
          "items": [
            {
              "item": {
                "id": "appliedenergistics2:export_bus",
                "Count": 1
              }
            }
          ]
        }
      ],
      "prerequisites": [
        "fd7e0da0-cc74-4cfe-b7bc-c332fa768b76"
      ],
      "optionlinks": [],
      "reward": [],
      "rewardchoice": [],
      "commandrewards": []
    }
  ],
  "reputationBar": [],
  "description": "Applied Energistics 2 is a mod that focuses on creating a compact, easily accessible, considerably extendible storage system called an ME Network."
}