{
  "name": "Kibe",
  "quests": [
    {
      "uuid": "d950acc6-7aa7-4a23-9305-f387c95c020c",
      "name": "Cowboy up!",
      "description": "Create a diamond lasso",
      "x": 242,
      "y": 138,
      "icon": {
        "id": "kibe:diamond_lasso",
        "Count": 1,
        "tag": {}
      },
      "tasks": [
        {
          "type": "CRAFT",
          "items": [
            {
              "item": {
                "id": "kibe:diamond_lasso",
                "Count": 1,
                "tag": {}
              },
              "precision": "FUZZY"
            }
          ]
        }
      ],
      "prerequisites": [
        "c14586e6-8ce0-4350-b2ba-4629c5903763"
      ],
      "optionlinks": [],
      "reward": [
        {
          "id": "minecraft:ender_eye",
          "Count": 1
        },
        {
          "id": "minecraft:ender_pearl",
          "Count": 3
        }
      ],
      "rewardchoice": [],
      "commandrewards": []
    },
    {
      "uuid": "2fb9e098-05b0-4219-88b6-697a8adb501e",
      "name": "Entanglement",
      "description": "Create an entangled chest. like a linked storage chest but it has a more complex color pattern system.",
      "x": 177,
      "y": 177,
      "bigicon": true,
      "icon": {
        "id": "kibe:entangled_chest",
        "Count": 1
      },
      "tasks": [
        {
          "type": "CRAFT",
          "items": [
            {
              "item": {
                "id": "kibe:entangled_chest",
                "Count": 1
              },
              "precision": "FUZZY"
            }
          ]
        }
      ],
      "prerequisites": [],
      "optionlinks": [],
      "reward": [
        {
          "id": "kibe:red_rune",
          "Count": 3
        },
        {
          "id": "kibe:white_rune",
          "Count": 3
        },
        {
          "id": "kibe:black_rune",
          "Count": 3
        }
      ],
      "rewardchoice": [],
      "commandrewards": []
    },
    {
      "uuid": "9d064a07-a6ce-432c-8812-73d8231688fd",
      "name": "Hot Pockets",
      "description": "Craft a pocket crafting table",
      "x": 16,
      "y": 11,
      "bigicon": true,
      "icon": {
        "id": "kibe:pocket_crafting_table",
        "Count": 1
      },
      "tasks": [
        {
          "type": "CRAFT",
          "items": [
            {
              "item": {
                "id": "kibe:pocket_crafting_table",
                "Count": 1
              },
              "precision": "FUZZY"
            }
          ]
        }
      ],
      "prerequisites": [],
      "optionlinks": [],
      "reward": [
        {
          "id": "minecraft:gold_ingot",
          "Count": 3
        },
        {
          "id": "villagerhats:farmer_hat",
          "Count": 1,
          "tag": {
            "Damage": 0
          }
        }
      ],
      "rewardchoice": [],
      "commandrewards": []
    },
    {
      "uuid": "8e17d55f-4782-49a2-88e8-2448fdfc3371",
      "name": "Cursed Life",
      "description": "Collect a stack of cursed droplets",
      "x": 177,
      "y": 12,
      "bigicon": true,
      "icon": {
        "id": "kibe:cursed_droplets",
        "Count": 1
      },
      "tasks": [
        {
          "type": "DETECT",
          "items": [
            {
              "item": {
                "id": "kibe:cursed_droplets",
                "Count": 64
              },
              "required": 64,
              "precision": "FUZZY"
            }
          ]
        }
      ],
      "prerequisites": [],
      "optionlinks": [],
      "reward": [],
      "rewardchoice": [],
      "commandrewards": []
    },
    {
      "uuid": "b4c63aa4-7c3a-4f66-ac13-404ede18fa3e",
      "name": "TANKS A LOT!",
      "description": "Pretty important piece to store liquids in, especially xp.",
      "x": 242,
      "y": 58,
      "icon": {
        "id": "kibe:tank",
        "Count": 1,
        "tag": {
          "BlockEntityTag": {}
        }
      },
      "tasks": [
        {
          "type": "CRAFT",
          "items": [
            {
              "item": {
                "id": "kibe:tank",
                "Count": 1,
                "tag": {
                  "BlockEntityTag": {}
                }
              },
              "precision": "FUZZY"
            }
          ]
        }
      ],
      "prerequisites": [
        "a03fa294-19ec-47f0-bd43-490c35fc5a91"
      ],
      "optionlinks": [],
      "reward": [
        {
          "id": "minecraft:obsidian",
          "Count": 64
        },
        {
          "id": "minecraft:ender_pearl",
          "Count": 16
        }
      ],
      "rewardchoice": [],
      "commandrewards": []
    },
    {
      "uuid": "a0cca058-f539-45f5-aa56-892bc99038f2",
      "name": "Endless milkshake maker?",
      "description": "want to take liquids from one place and teleport them to another? this is the tool for you!",
      "x": 242,
      "y": 180,
      "icon": {
        "id": "kibe:entangled_tank",
        "Count": 1
      },
      "tasks": [
        {
          "type": "CRAFT",
          "items": [
            {
              "item": {
                "id": "kibe:entangled_tank",
                "Count": 1
              },
              "precision": "FUZZY"
            }
          ]
        }
      ],
      "prerequisites": [
        "b58a2ad2-3dba-4a55-b335-a264cf161b97"
      ],
      "optionlinks": [],
      "reward": [
        {
          "id": "givemehats:tater_hat",
          "Count": 1
        },
        {
          "id": "tacocraft:steak_taco",
          "Count": 12
        }
      ],
      "rewardchoice": [
        {
          "id": "campanion:netherite_spear",
          "Count": 1,
          "tag": {
            "Damage": 0
          }
        }
      ],
      "commandrewards": []
    },
    {
      "uuid": "24bc919a-86c4-489d-891a-d3ac1c82c902",
      "name": "Spikes o\u0027 plenty",
      "description": "Create diamond spikes. get better drops.",
      "x": 300,
      "y": 47,
      "icon": {
        "id": "kibe:diamond_spikes",
        "Count": 1
      },
      "tasks": [
        {
          "type": "CRAFT",
          "items": [
            {
              "item": {
                "id": "kibe:diamond_spikes",
                "Count": 1
              },
              "precision": "FUZZY"
            }
          ]
        }
      ],
      "prerequisites": [
        "ec0bb17e-00fb-41d9-80a9-58370344ce24"
      ],
      "optionlinks": [],
      "reward": [
        {
          "id": "minecraft:diamond_sword",
          "Count": 1,
          "tag": {
            "Damage": 0
          }
        },
        {
          "id": "minecraft:ender_pearl",
          "Count": 12
        }
      ],
      "rewardchoice": [],
      "commandrewards": []
    },
    {
      "uuid": "f3c4284b-c44a-4631-8954-c530d8288333",
      "name": "Blue beauty!",
      "description": "ultimate food for an ultimate beauty!",
      "x": 115,
      "y": 94,
      "icon": {
        "id": "kibe:diamond_kibe",
        "Count": 1
      },
      "tasks": [
        {
          "type": "CRAFT",
          "items": [
            {
              "item": {
                "id": "kibe:diamond_kibe",
                "Count": 12
              },
              "required": 12,
              "precision": "FUZZY"
            }
          ]
        }
      ],
      "prerequisites": [
        "ef51f6c3-7750-4e7b-9833-be7466d9fe77"
      ],
      "optionlinks": [],
      "reward": [
        {
          "id": "trapexpansion:slippery_stone",
          "Count": 24
        },
        {
          "id": "ezpas:netherite_puller_pipe",
          "Count": 2
        }
      ],
      "rewardchoice": [],
      "commandrewards": []
    },
    {
      "uuid": "548aabd4-eeee-4ec2-a42a-7c31dd8ebc6b",
      "name": "like a boss",
      "description": "liquid to tank.. like a boss",
      "x": 271,
      "y": 180,
      "icon": {
        "id": "kibe:entangled_bucket",
        "Count": 1
      },
      "tasks": [
        {
          "type": "CRAFT",
          "items": [
            {
              "item": {
                "id": "kibe:entangled_bucket",
                "Count": 1
              },
              "precision": "FUZZY"
            }
          ]
        }
      ],
      "prerequisites": [
        "a0cca058-f539-45f5-aa56-892bc99038f2"
      ],
      "optionlinks": [],
      "reward": [
        {
          "id": "kibe:light_blue_rune",
          "Count": 6
        },
        {
          "id": "kibe:lime_rune",
          "Count": 6
        },
        {
          "id": "kibe:pink_rune",
          "Count": 6
        },
        {
          "id": "givemehats:floating_hat",
          "Count": 1
        }
      ],
      "rewardchoice": [],
      "commandrewards": []
    },
    {
      "uuid": "f615d09d-4a0f-4b44-b142-ec8345b4633b",
      "name": "Fufilling Fullness",
      "description": "Fill yourself with this lovely kibe",
      "x": 20,
      "y": 91,
      "bigicon": true,
      "icon": {
        "id": "kibe:kibe",
        "Count": 1
      },
      "tasks": [
        {
          "type": "CRAFT",
          "items": [
            {
              "item": {
                "id": "kibe:kibe",
                "Count": 1
              },
              "precision": "FUZZY"
            }
          ]
        }
      ],
      "prerequisites": [],
      "optionlinks": [],
      "reward": [
        {
          "id": "minecraft:beef",
          "Count": 16
        },
        {
          "id": "fabric-furnaces:gold_furnace",
          "Count": 1
        }
      ],
      "rewardchoice": [],
      "commandrewards": []
    },
    {
      "uuid": "ef51f6c3-7750-4e7b-9833-be7466d9fe77",
      "name": "Ultimate breakfast champ",
      "description": "eat one of these and you\u0027ll be snaping slim jim into tin.",
      "x": 86,
      "y": 94,
      "icon": {
        "id": "kibe:golden_kibe",
        "Count": 1
      },
      "tasks": [
        {
          "type": "CRAFT",
          "items": [
            {
              "item": {
                "id": "kibe:golden_kibe",
                "Count": 12
              },
              "required": 12,
              "precision": "FUZZY"
            }
          ]
        }
      ],
      "prerequisites": [
        "dc1c41d0-d031-4559-b35e-f3100d3ac2cb"
      ],
      "optionlinks": [],
      "reward": [],
      "rewardchoice": [],
      "commandrewards": []
    },
    {
      "uuid": "2d1018bb-4357-490b-a1bb-8dfe60bf041c",
      "name": "Light it up!",
      "description": "add torches to this torch to torch the mobs torch",
      "x": 242,
      "y": 15,
      "icon": {
        "id": "kibe:big_torch",
        "Count": 1
      },
      "tasks": [
        {
          "type": "CRAFT",
          "items": [
            {
              "item": {
                "id": "kibe:big_torch",
                "Count": 1
              },
              "precision": "FUZZY"
            }
          ]
        }
      ],
      "prerequisites": [
        "6d12915e-35e2-42d0-aba1-9a4b41797f48"
      ],
      "optionlinks": [],
      "reward": [
        {
          "id": "minecraft:ender_eye",
          "Count": 4
        }
      ],
      "rewardchoice": [],
      "commandrewards": []
    },
    {
      "uuid": "8d33a81d-bad8-4652-b83f-6eb9ba95e866",
      "name": "Drain that, drain this...",
      "description": "a good way to withdraw xp.. into something... tanks for reading.",
      "x": 271,
      "y": 58,
      "icon": {
        "id": "kibe:xp_drain",
        "Count": 1
      },
      "tasks": [
        {
          "type": "CRAFT",
          "items": [
            {
              "item": {
                "id": "kibe:xp_drain",
                "Count": 1
              },
              "precision": "FUZZY"
            }
          ]
        }
      ],
      "prerequisites": [
        "b4c63aa4-7c3a-4f66-ac13-404ede18fa3e"
      ],
      "optionlinks": [],
      "reward": [
        {
          "id": "tacocraft:steak_taco",
          "Count": 6
        }
      ],
      "rewardchoice": [],
      "commandrewards": []
    },
    {
      "uuid": "1b8f5df3-0d55-4837-a1ef-d3e490e9312e",
      "name": "Elevator GO!",
      "description": "Make an elevator. Elevator got up... Elevator go dooooooowwwwn.",
      "x": 114,
      "y": 137,
      "icon": {
        "id": "kibe:white_elevator",
        "Count": 1
      },
      "tasks": [
        {
          "type": "CRAFT",
          "items": [
            {
              "item": {
                "id": "kibe:white_elevator",
                "Count": 1
              },
              "precision": "FUZZY"
            }
          ]
        }
      ],
      "prerequisites": [
        "0843ffd4-f8f9-4304-88b7-e815d95bf9af"
      ],
      "optionlinks": [],
      "reward": [
        {
          "id": "minecraft:ender_pearl",
          "Count": 16
        }
      ],
      "rewardchoice": [],
      "commandrewards": []
    },
    {
      "uuid": "da26c411-f63c-4027-9dbb-2740b33826bc",
      "name": "Liquids go in this...",
      "description": "into something else... like a tank",
      "x": 271,
      "y": 120,
      "icon": {
        "id": "kibe:fluid_hopper",
        "Count": 1
      },
      "tasks": [
        {
          "type": "CRAFT",
          "items": [
            {
              "item": {
                "id": "kibe:fluid_hopper",
                "Count": 1
              },
              "precision": "FUZZY"
            }
          ]
        }
      ],
      "prerequisites": [
        "e0d2d0d4-480c-4b3c-9c72-95e3c4fdd2ef"
      ],
      "optionlinks": [],
      "reward": [
        {
          "id": "campanion:mre",
          "Count": 2
        },
        {
          "id": "vanilla-hammers:obsidian_hammer",
          "Count": 1,
          "tag": {
            "Damage": 0
          }
        }
      ],
      "rewardchoice": [],
      "commandrewards": []
    },
    {
      "uuid": "a03fa294-19ec-47f0-bd43-490c35fc5a91",
      "name": "Pick up stuff.. void it.",
      "description": "Make a void bucket",
      "x": 213,
      "y": 58,
      "icon": {
        "id": "kibe:void_bucket",
        "Count": 1
      },
      "tasks": [
        {
          "type": "CRAFT",
          "items": [
            {
              "item": {
                "id": "kibe:void_bucket",
                "Count": 1
              },
              "precision": "FUZZY"
            }
          ]
        }
      ],
      "prerequisites": [
        "9e086ac6-4642-4943-890d-f6cce76e54d6"
      ],
      "optionlinks": [],
      "reward": [
        {
          "id": "minecraft:gold_block",
          "Count": 12
        },
        {
          "id": "minecraft:diamond",
          "Count": 1
        }
      ],
      "rewardchoice": [],
      "commandrewards": []
    },
    {
      "uuid": "d3fd044a-ae4d-41f5-9b48-499aaa5e4f14",
      "name": "Moon shoes",
      "description": "craft slime boots. now you can bounce around and not die. well, you still might.",
      "x": 110,
      "y": 14,
      "icon": {
        "id": "kibe:slime_boots",
        "Count": 1,
        "tag": {
          "Damage": 0
        }
      },
      "tasks": [
        {
          "type": "CRAFT",
          "items": [
            {
              "item": {
                "id": "kibe:slime_boots",
                "Count": 1,
                "tag": {
                  "Damage": 0
                }
              }
            }
          ]
        }
      ],
      "prerequisites": [
        "f8762f2b-fe9c-4cd8-9ea7-541c6b55e14c"
      ],
      "optionlinks": [],
      "reward": [
        {
          "id": "minecraft:glistering_melon_slice",
          "Count": 16
        },
        {
          "id": "minecraft:bone_block",
          "Count": 5
        }
      ],
      "rewardchoice": [],
      "commandrewards": []
    },
    {
      "uuid": "dc1c41d0-d031-4559-b35e-f3100d3ac2cb",
      "name": "Who needs to eat anyways?",
      "description": "Has way more saturation. Has a chance to kill you.. ",
      "x": 56,
      "y": 94,
      "icon": {
        "id": "kibe:cursed_kibe",
        "Count": 1
      },
      "tasks": [
        {
          "type": "CRAFT",
          "items": [
            {
              "item": {
                "id": "kibe:cursed_kibe",
                "Count": 1
              },
              "precision": "FUZZY"
            }
          ]
        }
      ],
      "prerequisites": [
        "f615d09d-4a0f-4b44-b142-ec8345b4633b"
      ],
      "optionlinks": [],
      "reward": [],
      "rewardchoice": [],
      "commandrewards": []
    },
    {
      "uuid": "f026101c-f7c9-41b2-83ab-c719060d01e5",
      "name": "Start the Timer!",
      "description": "Craft a Redstone Timer",
      "x": 139,
      "y": 46,
      "icon": {
        "id": "kibe:redstone_timer",
        "Count": 1
      },
      "tasks": [
        {
          "type": "CRAFT",
          "items": [
            {
              "item": {
                "id": "kibe:redstone_timer",
                "Count": 1
              },
              "precision": "FUZZY"
            }
          ]
        }
      ],
      "prerequisites": [
        "8195f65e-9a4f-4b10-bd9c-02cf17985c82"
      ],
      "optionlinks": [],
      "reward": [
        {
          "id": "villagerhats:cartographer_hat",
          "Count": 1,
          "tag": {
            "Damage": 0
          }
        }
      ],
      "rewardchoice": [],
      "commandrewards": []
    },
    {
      "uuid": "2d911a1e-d9ff-4407-8239-45532c7728b7",
      "name": "Oscar the grouch",
      "description": "Craft that ever useful trash can.\n (you can also put a hopper into it)",
      "x": 52,
      "y": 14,
      "icon": {
        "id": "kibe:trash_can",
        "Count": 1
      },
      "tasks": [
        {
          "type": "CRAFT",
          "items": [
            {
              "item": {
                "id": "kibe:trash_can",
                "Count": 1
              },
              "precision": "FUZZY"
            }
          ]
        }
      ],
      "prerequisites": [
        "9d064a07-a6ce-432c-8812-73d8231688fd"
      ],
      "optionlinks": [],
      "reward": [
        {
          "id": "crusade:iron_lance",
          "Count": 1,
          "tag": {
            "Damage": 0
          }
        }
      ],
      "rewardchoice": [],
      "commandrewards": []
    },
    {
      "uuid": "8195f65e-9a4f-4b10-bd9c-02cf17985c82",
      "name": "You like attention don\u0027t you?",
      "description": "Craft a Magnet",
      "x": 110,
      "y": 46,
      "icon": {
        "id": "kibe:magnet",
        "Count": 1,
        "tag": {}
      },
      "tasks": [
        {
          "type": "CRAFT",
          "items": [
            {
              "item": {
                "id": "kibe:magnet",
                "Count": 1,
                "tag": {}
              },
              "precision": "FUZZY"
            }
          ]
        }
      ],
      "prerequisites": [
        "1541b371-3ed9-4c9b-b9b3-ab1a2ca81485"
      ],
      "optionlinks": [],
      "reward": [
        {
          "id": "techreborn:rubber_sapling",
          "Count": 3
        },
        {
          "id": "minecraft:gold_ore",
          "Count": 12
        }
      ],
      "rewardchoice": [],
      "commandrewards": []
    },
    {
      "uuid": "dd1cc219-9439-49fa-99dd-48e0ed9831c1",
      "name": "Wonder Woman\u0027s Day Off",
      "description": "Craft a Golden Lasso",
      "x": 177,
      "y": 135,
      "bigicon": true,
      "icon": {
        "id": "kibe:golden_lasso",
        "Count": 1,
        "tag": {}
      },
      "tasks": [
        {
          "type": "CRAFT",
          "items": [
            {
              "item": {
                "id": "kibe:golden_lasso",
                "Count": 1,
                "tag": {}
              },
              "precision": "FUZZY"
            }
          ]
        }
      ],
      "prerequisites": [],
      "optionlinks": [],
      "reward": [
        {
          "id": "minecraft:oak_log",
          "Count": 16
        },
        {
          "id": "minecraft:iron_block",
          "Count": 1
        }
      ],
      "rewardchoice": [],
      "commandrewards": []
    },
    {
      "uuid": "c55070a5-a9b6-41f2-9ab7-7ed60bfcfc0f",
      "name": "Light em Up",
      "description": "Craft the Light Ring",
      "x": 114,
      "y": 180,
      "icon": {
        "id": "kibe:light_ring",
        "Count": 1
      },
      "tasks": [
        {
          "type": "CRAFT",
          "items": [
            {
              "item": {
                "id": "kibe:light_ring",
                "Count": 1
              },
              "precision": "FUZZY"
            }
          ]
        }
      ],
      "prerequisites": [
        "8e977c2e-56c3-4bc6-9ef9-58029e9ec268"
      ],
      "optionlinks": [],
      "reward": [
        {
          "id": "minecraft:glowstone",
          "Count": 16
        }
      ],
      "rewardchoice": [],
      "commandrewards": []
    },
    {
      "uuid": "6d12915e-35e2-42d0-aba1-9a4b41797f48",
      "name": "Sow the seeds of evil",
      "description": "craft cursed seeds. make sure to plant them in a place with very little to no light.",
      "x": 213,
      "y": 15,
      "icon": {
        "id": "kibe:cursed_seeds",
        "Count": 1
      },
      "tasks": [
        {
          "type": "CRAFT",
          "items": [
            {
              "item": {
                "id": "kibe:cursed_seeds",
                "Count": 16
              },
              "required": 16,
              "precision": "FUZZY"
            }
          ]
        }
      ],
      "prerequisites": [
        "8e17d55f-4782-49a2-88e8-2448fdfc3371"
      ],
      "optionlinks": [],
      "reward": [],
      "rewardchoice": [
        {
          "id": "simpleteleporters:tele_crystal",
          "Count": 1
        },
        {
          "id": "minecraft:ender_eye",
          "Count": 4
        }
      ],
      "commandrewards": []
    },
    {
      "uuid": "9fe19401-3359-45d0-afbf-59a347516903",
      "name": "Move it Groove it",
      "description": "Make things move faster",
      "x": 56,
      "y": 137,
      "icon": {
        "id": "kibe:fast_conveyor_belt",
        "Count": 1
      },
      "tasks": [
        {
          "type": "CRAFT",
          "items": [
            {
              "item": {
                "id": "kibe:fast_conveyor_belt",
                "Count": 1
              },
              "precision": "FUZZY"
            }
          ]
        }
      ],
      "prerequisites": [
        "8555b36d-e162-4771-a1b1-9d229e591389"
      ],
      "optionlinks": [],
      "reward": [
        {
          "id": "kibe:blue_rune",
          "Count": 5
        },
        {
          "id": "kibe:purple_rune",
          "Count": 5
        },
        {
          "id": "kibe:green_rune",
          "Count": 5
        },
        {
          "id": "kibe:yellow_rune",
          "Count": 5
        }
      ],
      "rewardchoice": [],
      "commandrewards": []
    },
    {
      "uuid": "b58a2ad2-3dba-4a55-b335-a264cf161b97",
      "name": "Bag it up",
      "description": "Like an entangled chest, but portable.",
      "x": 213,
      "y": 180,
      "icon": {
        "id": "kibe:entangled_bag",
        "Count": 1
      },
      "tasks": [
        {
          "type": "CRAFT",
          "items": [
            {
              "item": {
                "id": "kibe:entangled_bag",
                "Count": 1
              },
              "precision": "FUZZY"
            }
          ]
        }
      ],
      "prerequisites": [
        "2fb9e098-05b0-4219-88b6-697a8adb501e"
      ],
      "optionlinks": [],
      "reward": [
        {
          "id": "campanion:grappling_hook",
          "Count": 1,
          "tag": {
            "Damage": 0
          }
        },
        {
          "id": "givemehats:top_hat",
          "Count": 1
        }
      ],
      "rewardchoice": [],
      "commandrewards": []
    },
    {
      "uuid": "7b43d5ee-3b27-4a27-8432-dccb5cac6fdf",
      "name": "Go on a picnic",
      "description": "Craft a cooler, put some food in it.. eat automatically.",
      "x": 180,
      "y": 94,
      "icon": {
        "id": "kibe:cooler",
        "Count": 1,
        "tag": {}
      },
      "tasks": [
        {
          "type": "CRAFT",
          "items": [
            {
              "item": {
                "id": "kibe:cooler",
                "Count": 1,
                "tag": {}
              },
              "precision": "FUZZY"
            }
          ]
        }
      ],
      "prerequisites": [
        "9e086ac6-4642-4943-890d-f6cce76e54d6"
      ],
      "optionlinks": [],
      "reward": [
        {
          "id": "minecraft:emerald",
          "Count": 2
        }
      ],
      "rewardchoice": [],
      "commandrewards": []
    },
    {
      "uuid": "8555b36d-e162-4771-a1b1-9d229e591389",
      "name": "Move it",
      "description": "Make a conveyor. move stuff",
      "x": 20,
      "y": 134,
      "bigicon": true,
      "icon": {
        "id": "kibe:regular_conveyor_belt",
        "Count": 1
      },
      "tasks": [
        {
          "type": "CRAFT",
          "items": [
            {
              "item": {
                "id": "kibe:regular_conveyor_belt",
                "Count": 1
              },
              "precision": "FUZZY"
            }
          ]
        }
      ],
      "prerequisites": [],
      "optionlinks": [],
      "reward": [
        {
          "id": "minecraft:iron_block",
          "Count": 5
        }
      ],
      "rewardchoice": [],
      "commandrewards": []
    },
    {
      "uuid": "ec0bb17e-00fb-41d9-80a9-58370344ce24",
      "name": "Spike day",
      "description": "Get to the point.. kill the mobs",
      "x": 300,
      "y": 15,
      "icon": {
        "id": "kibe:iron_spikes",
        "Count": 1
      },
      "tasks": [
        {
          "type": "CRAFT",
          "items": [
            {
              "item": {
                "id": "kibe:iron_spikes",
                "Count": 1
              },
              "precision": "FUZZY"
            }
          ]
        }
      ],
      "prerequisites": [
        "217d27b3-1787-45f3-9bf9-67ea2b95824c"
      ],
      "optionlinks": [],
      "reward": [
        {
          "id": "minecraft:nether_gold_ore",
          "Count": 12
        }
      ],
      "rewardchoice": [],
      "commandrewards": []
    },
    {
      "uuid": "f952b35b-2502-4603-8b21-8a9645e04275",
      "name": "Ring of water",
      "description": "Will not dissolve",
      "x": 56,
      "y": 180,
      "icon": {
        "id": "kibe:water_ring",
        "Count": 1,
        "tag": {}
      },
      "tasks": [
        {
          "type": "CRAFT",
          "items": [
            {
              "item": {
                "id": "kibe:water_ring",
                "Count": 1,
                "tag": {}
              },
              "precision": "FUZZY"
            }
          ]
        }
      ],
      "prerequisites": [
        "98f02a3b-99a6-42bb-9c50-ca655bc2fcda"
      ],
      "optionlinks": [],
      "reward": [
        {
          "id": "minecraft:obsidian",
          "Count": 12
        }
      ],
      "rewardchoice": [],
      "commandrewards": []
    },
    {
      "uuid": "217d27b3-1787-45f3-9bf9-67ea2b95824c",
      "name": "Make that mob farm",
      "description": "with this vacuum hopper, you can have it suck up nearby items and xp",
      "x": 271,
      "y": 15,
      "icon": {
        "id": "kibe:vacuum_hopper",
        "Count": 1
      },
      "tasks": [
        {
          "type": "CRAFT",
          "items": [
            {
              "item": {
                "id": "kibe:vacuum_hopper",
                "Count": 1
              },
              "precision": "FUZZY"
            }
          ]
        }
      ],
      "prerequisites": [
        "2d1018bb-4357-490b-a1bb-8dfe60bf041c"
      ],
      "optionlinks": [],
      "reward": [],
      "rewardchoice": [],
      "commandrewards": []
    },
    {
      "uuid": "8c0146c4-ace9-4c5e-925d-9e682a48507e",
      "name": "Defy Reality",
      "description": "Craft a 9x9 chunk loader. Keep time going even when you\u0027re gone",
      "x": 300,
      "y": 180,
      "icon": {
        "id": "kibe:chunk_loader",
        "Count": 1
      },
      "tasks": [
        {
          "type": "CRAFT",
          "items": [
            {
              "item": {
                "id": "kibe:chunk_loader",
                "Count": 1
              },
              "precision": "FUZZY"
            }
          ]
        }
      ],
      "prerequisites": [
        "548aabd4-eeee-4ec2-a42a-7c31dd8ebc6b"
      ],
      "optionlinks": [],
      "reward": [
        {
          "id": "minecraft:ender_eye",
          "Count": 12
        },
        {
          "id": "techreborn:ruby_storage_block",
          "Count": 1
        }
      ],
      "rewardchoice": [],
      "commandrewards": []
    },
    {
      "uuid": "8e977c2e-56c3-4bc6-9ef9-58029e9ec268",
      "name": "Ring of fire",
      "description": "Burn Burn Burn",
      "x": 85,
      "y": 180,
      "icon": {
        "id": "kibe:magma_ring",
        "Count": 1,
        "tag": {}
      },
      "tasks": [
        {
          "type": "CRAFT",
          "items": [
            {
              "item": {
                "id": "kibe:magma_ring",
                "Count": 1,
                "tag": {}
              },
              "precision": "FUZZY"
            }
          ]
        }
      ],
      "prerequisites": [
        "f952b35b-2502-4603-8b21-8a9645e04275"
      ],
      "optionlinks": [],
      "reward": [
        {
          "id": "minecraft:obsidian",
          "Count": 12
        }
      ],
      "rewardchoice": [],
      "commandrewards": []
    },
    {
      "uuid": "c14586e6-8ce0-4350-b2ba-4629c5903763",
      "name": "No so tasty licorice",
      "description": "Create a cursed lasso",
      "x": 213,
      "y": 138,
      "icon": {
        "id": "kibe:cursed_lasso",
        "Count": 1,
        "tag": {}
      },
      "tasks": [
        {
          "type": "CRAFT",
          "items": [
            {
              "item": {
                "id": "kibe:cursed_lasso",
                "Count": 1,
                "tag": {}
              },
              "precision": "FUZZY"
            }
          ]
        }
      ],
      "prerequisites": [
        "dd1cc219-9439-49fa-99dd-48e0ed9831c1"
      ],
      "optionlinks": [],
      "reward": [
        {
          "id": "minecraft:oak_planks",
          "Count": 64
        },
        {
          "id": "minecraft:spruce_planks",
          "Count": 64
        },
        {
          "id": "minecraft:birch_planks",
          "Count": 64
        },
        {
          "id": "minecraft:dark_oak_planks",
          "Count": 64
        }
      ],
      "rewardchoice": [],
      "commandrewards": []
    },
    {
      "uuid": "28c3fd15-df89-4765-b65a-5a7eebbb6b56",
      "name": "Creative Flight!",
      "description": "Craft the Angel Ring",
      "x": 143,
      "y": 180,
      "icon": {
        "id": "kibe:angel_ring",
        "Count": 1,
        "tag": {}
      },
      "tasks": [
        {
          "type": "CRAFT",
          "items": [
            {
              "item": {
                "id": "kibe:angel_ring",
                "Count": 1,
                "tag": {}
              },
              "precision": "FUZZY"
            }
          ]
        }
      ],
      "prerequisites": [
        "c55070a5-a9b6-41f2-9ab7-7ed60bfcfc0f"
      ],
      "optionlinks": [],
      "reward": [
        {
          "id": "fabric-furnaces:ethereal_furnace",
          "Count": 1
        }
      ],
      "rewardchoice": [],
      "commandrewards": []
    },
    {
      "uuid": "e0d2d0d4-480c-4b3c-9c72-95e3c4fdd2ef",
      "name": "Showers are fun",
      "description": "for when you want to shower yourself in xp",
      "x": 271,
      "y": 89,
      "icon": {
        "id": "kibe:xp_shower",
        "Count": 1
      },
      "tasks": [
        {
          "type": "CRAFT",
          "items": [
            {
              "item": {
                "id": "kibe:xp_shower",
                "Count": 1
              },
              "precision": "FUZZY"
            }
          ]
        }
      ],
      "prerequisites": [
        "8d33a81d-bad8-4652-b83f-6eb9ba95e866"
      ],
      "optionlinks": [],
      "reward": [
        {
          "id": "campanion:smore",
          "Count": 6
        }
      ],
      "rewardchoice": [],
      "commandrewards": []
    },
    {
      "uuid": "1541b371-3ed9-4c9b-b9b3-ab1a2ca81485",
      "name": "Sleep on the go",
      "description": "Craft a sleeping bag. Sleep anywhere, night time stories not included.",
      "x": 81,
      "y": 46,
      "icon": {
        "id": "kibe:sleeping_bag",
        "Count": 1
      },
      "tasks": [
        {
          "type": "CRAFT",
          "items": [
            {
              "item": {
                "id": "kibe:sleeping_bag",
                "Count": 1
              },
              "precision": "FUZZY"
            }
          ]
        }
      ],
      "prerequisites": [
        "3e600713-f5f9-47e4-af08-3eb9ceef1087"
      ],
      "optionlinks": [],
      "reward": [
        {
          "id": "dml-refabricated:soot_redstone",
          "Count": 6
        },
        {
          "id": "adorn:stone_torch",
          "Count": 32
        }
      ],
      "rewardchoice": [],
      "commandrewards": []
    },
    {
      "uuid": "9e086ac6-4642-4943-890d-f6cce76e54d6",
      "name": "Easy buckets",
      "description": "make a wood bucket.. pick up stuff",
      "x": 177,
      "y": 55,
      "bigicon": true,
      "icon": {
        "id": "kibe:wooden_bucket",
        "Count": 1
      },
      "tasks": [
        {
          "type": "CRAFT",
          "items": [
            {
              "item": {
                "id": "kibe:wooden_bucket",
                "Count": 1
              },
              "precision": "FUZZY"
            }
          ]
        }
      ],
      "prerequisites": [],
      "optionlinks": [],
      "reward": [
        {
          "id": "blockus:chiseled_water_bricks",
          "Count": 32
        },
        {
          "id": "minecraft:glass_bottle",
          "Count": 16
        }
      ],
      "rewardchoice": [],
      "commandrewards": []
    },
    {
      "uuid": "3e600713-f5f9-47e4-af08-3eb9ceef1087",
      "name": "Wtf Pocket?",
      "description": "Trashcan.. in your pocket. Need to know more?",
      "x": 52,
      "y": 46,
      "icon": {
        "id": "kibe:pocket_trash_can",
        "Count": 1
      },
      "tasks": [
        {
          "type": "CRAFT",
          "items": [
            {
              "item": {
                "id": "kibe:trash_can",
                "Count": 1
              },
              "precision": "FUZZY"
            }
          ]
        }
      ],
      "prerequisites": [
        "2d911a1e-d9ff-4407-8239-45532c7728b7"
      ],
      "optionlinks": [],
      "reward": [
        {
          "id": "minecraft:golden_apple",
          "Count": 1
        }
      ],
      "rewardchoice": [],
      "commandrewards": []
    },
    {
      "uuid": "f8762f2b-fe9c-4cd8-9ea7-541c6b55e14c",
      "name": "Totally top of the mornin\u0027",
      "description": "Craft a slingshot. Leap around.",
      "x": 81,
      "y": 14,
      "icon": {
        "id": "kibe:slime_sling",
        "Count": 1
      },
      "tasks": [
        {
          "type": "CRAFT",
          "items": [
            {
              "item": {
                "id": "kibe:slime_sling",
                "Count": 1
              }
            }
          ]
        }
      ],
      "prerequisites": [
        "2d911a1e-d9ff-4407-8239-45532c7728b7"
      ],
      "optionlinks": [],
      "reward": [
        {
          "id": "hard-hat-steve:safety_vest",
          "Count": 1
        }
      ],
      "rewardchoice": [],
      "commandrewards": []
    },
    {
      "uuid": "98f02a3b-99a6-42bb-9c50-ca655bc2fcda",
      "name": "Jeweler",
      "description": "Make a diamond ring.. find someone special",
      "x": 20,
      "y": 177,
      "bigicon": true,
      "icon": {
        "id": "kibe:diamond_ring",
        "Count": 1
      },
      "tasks": [
        {
          "type": "CRAFT",
          "items": [
            {
              "item": {
                "id": "kibe:diamond_ring",
                "Count": 1
              },
              "precision": "FUZZY"
            }
          ]
        }
      ],
      "prerequisites": [],
      "optionlinks": [],
      "reward": [
        {
          "id": "minecraft:diamond",
          "Count": 2
        },
        {
          "id": "minecraft:soul_torch",
          "Count": 2
        }
      ],
      "rewardchoice": [],
      "commandrewards": []
    },
    {
      "uuid": "0843ffd4-f8f9-4304-88b7-e815d95bf9af",
      "name": "You\u0027ve got moves",
      "description": "Move things even faster",
      "x": 85,
      "y": 137,
      "icon": {
        "id": "kibe:express_conveyor_belt",
        "Count": 1
      },
      "tasks": [
        {
          "type": "CRAFT",
          "items": [
            {
              "item": {
                "id": "kibe:express_conveyor_belt",
                "Count": 1
              },
              "precision": "FUZZY"
            }
          ]
        }
      ],
      "prerequisites": [
        "9fe19401-3359-45d0-afbf-59a347516903"
      ],
      "optionlinks": [],
      "reward": [
        {
          "id": "hard-hat-steve:safety_vest",
          "Count": 1
        },
        {
          "id": "hard-hat-steve:hard_hat",
          "Count": 1
        },
        {
          "id": "crookedcrooks:iron_crook",
          "Count": 1,
          "tag": {
            "Damage": 0
          }
        }
      ],
      "rewardchoice": [],
      "commandrewards": []
    },
    {
      "uuid": "0b8b0fd4-aba2-459e-8dfc-e3cbc7bce9d4",
      "name": "Glide the skies",
      "description": "grab your slime boots and sling shot... shoot yourself up and glide away... in red to match AOF colors",
      "x": 139,
      "y": 14,
      "icon": {
        "id": "kibe:red_glider",
        "Count": 1,
        "tag": {}
      },
      "tasks": [
        {
          "type": "CRAFT",
          "items": [
            {
              "item": {
                "id": "kibe:red_glider",
                "Count": 1,
                "tag": {}
              },
              "precision": "FUZZY"
            }
          ]
        }
      ],
      "prerequisites": [
        "d3fd044a-ae4d-41f5-9b48-499aaa5e4f14"
      ],
      "optionlinks": [],
      "reward": [
        {
          "id": "minecraft:gold_ore",
          "Count": 10
        },
        {
          "id": "minecraft:redstone_ore",
          "Count": 8
        }
      ],
      "rewardchoice": [],
      "commandrewards": []
    }
  ],
  "reputationBar": [],
  "description": "A miscellaneous mod that adds a bunch of random, and mostly unoriginal things."
}