{
  "name": "Tech Reborn",
  "quests": [
    {
      "uuid": "b3a14706-2e3c-4542-9851-c507fff84876",
      "name": "Unnamed",
      "description": "Unnamed quest",
      "x": 115,
      "y": 179,
      "icon": {
        "id": "techreborn:alloy_smelter",
        "Count": 1
      },
      "prerequisites": [
        "b90e03ec-61db-40b1-bffd-e73f52c1270f"
      ],
      "optionlinks": [],
      "reward": [],
      "rewardchoice": [],
      "commandrewards": []
    },
    {
      "uuid": "a1680996-a7c0-41bb-b96c-3903071111ba",
      "name": "Unnamed",
      "description": "Unnamed quest",
      "x": 243,
      "y": 103,
      "icon": {
        "id": "techreborn:industrial_solar_panel",
        "Count": 1
      },
      "prerequisites": [
        "67a1ba90-28d4-4659-b07a-16ff8260a81d"
      ],
      "optionlinks": [],
      "reward": [],
      "rewardchoice": [],
      "commandrewards": []
    },
    {
      "uuid": "45aee781-6eaa-4f39-965b-ff65f1f313f3",
      "name": "Unnamed",
      "description": "Unnamed quest",
      "x": 177,
      "y": 57,
      "bigicon": true,
      "icon": {
        "id": "techreborn:plasma_generator",
        "Count": 1
      },
      "prerequisites": [],
      "optionlinks": [],
      "reward": [],
      "rewardchoice": [],
      "commandrewards": []
    },
    {
      "uuid": "67a1ba90-28d4-4659-b07a-16ff8260a81d",
      "name": "Unnamed",
      "description": "Unnamed quest",
      "x": 214,
      "y": 103,
      "icon": {
        "id": "techreborn:advanced_solar_panel",
        "Count": 1
      },
      "prerequisites": [
        "6774cbc0-fad3-4caa-99a5-db13179e12f9"
      ],
      "optionlinks": [],
      "reward": [],
      "rewardchoice": [],
      "commandrewards": []
    },
    {
      "uuid": "b90e03ec-61db-40b1-bffd-e73f52c1270f",
      "name": "Unnamed",
      "description": "Unnamed quest",
      "x": 115,
      "y": 146,
      "icon": {
        "id": "techreborn:compressor",
        "Count": 1
      },
      "prerequisites": [
        "262e197c-05bd-4585-af08-340480d4351e"
      ],
      "optionlinks": [],
      "reward": [],
      "rewardchoice": [],
      "commandrewards": []
    },
    {
      "uuid": "92788318-498d-471a-94dd-3f80a460c9cf",
      "name": "Unnamed",
      "description": "Unnamed quest",
      "x": 177,
      "y": 14,
      "bigicon": true,
      "icon": {
        "id": "techreborn:basic_machine_casing",
        "Count": 1
      },
      "prerequisites": [],
      "optionlinks": [],
      "reward": [],
      "rewardchoice": [],
      "commandrewards": []
    },
    {
      "uuid": "0d3152e2-4540-4373-8ade-0fad05e071fb",
      "name": "Unnamed",
      "description": "Unnamed quest",
      "x": 80,
      "y": 156,
      "icon": {
        "id": "techreborn:industrial_grinder",
        "Count": 1
      },
      "prerequisites": [
        "5e0ba6bc-1118-492a-9473-c20b5de8edb9"
      ],
      "optionlinks": [],
      "reward": [],
      "rewardchoice": [],
      "commandrewards": []
    },
    {
      "uuid": "dc623187-de44-488b-ac0a-bc9c6fda0d6f",
      "name": "Unnamed",
      "description": "Unnamed quest",
      "x": 57,
      "y": 17,
      "icon": {
        "id": "techreborn:rubber",
        "Count": 1
      },
      "prerequisites": [
        "95f7a31d-1471-410d-99c7-f783df48b228"
      ],
      "optionlinks": [],
      "reward": [],
      "rewardchoice": [],
      "commandrewards": []
    },
    {
      "uuid": "8bf4267e-5992-47a1-a7a3-38b95eb5d39a",
      "name": "Unnamed",
      "description": "Unnamed quest",
      "x": 300,
      "y": 103,
      "icon": {
        "id": "techreborn:quantum_solar_panel",
        "Count": 1
      },
      "prerequisites": [
        "be21e4f0-dbd5-4a0f-8c26-a38c76926304"
      ],
      "optionlinks": [],
      "reward": [],
      "rewardchoice": [],
      "commandrewards": []
    },
    {
      "uuid": "1481bbc3-37a8-4042-8322-daca33a9f9ba",
      "name": "Unnamed",
      "description": "Unnamed quest",
      "x": 213,
      "y": 60,
      "icon": {
        "id": "techreborn:fusion_coil",
        "Count": 1
      },
      "prerequisites": [
        "45aee781-6eaa-4f39-965b-ff65f1f313f3"
      ],
      "optionlinks": [],
      "reward": [],
      "rewardchoice": [],
      "commandrewards": []
    },
    {
      "uuid": "762b4741-3412-40fc-b04a-4c57898985c4",
      "name": "Unnamed",
      "description": "Unnamed quest",
      "x": 240,
      "y": 135,
      "bigicon": true,
      "icon": {
        "id": "techreborn:nanosaber",
        "Count": 1,
        "tag": {
          "isActive": 1,
          "energy": 1000000
        }
      },
      "prerequisites": [],
      "optionlinks": [],
      "reward": [],
      "rewardchoice": [],
      "commandrewards": []
    },
    {
      "uuid": "141bc0af-5c07-40a9-b03a-f5dbf1e4300a",
      "name": "Unnamed",
      "description": "Unnamed quest",
      "x": 24,
      "y": 55,
      "icon": {
        "id": "techreborn:basic_drill",
        "Count": 1,
        "tag": {
          "energy": 10000
        }
      },
      "prerequisites": [
        "95f7a31d-1471-410d-99c7-f783df48b228"
      ],
      "optionlinks": [],
      "reward": [],
      "rewardchoice": [],
      "commandrewards": []
    },
    {
      "uuid": "2ee44268-599f-4a98-9cd1-1071e861665c",
      "name": "Unnamed",
      "description": "Unnamed quest",
      "x": 24,
      "y": 153,
      "icon": {
        "id": "techreborn:electric_treetap",
        "Count": 1,
        "tag": {
          "energy": 10000
        }
      },
      "prerequisites": [
        "0ff1870d-a0ee-47b2-b067-aaee45a8a7f4"
      ],
      "optionlinks": [],
      "reward": [],
      "rewardchoice": [],
      "commandrewards": []
    },
    {
      "uuid": "500a0cd3-5589-43b2-90a3-c8d5da4fe7c2",
      "name": "Unnamed",
      "description": "Unnamed quest",
      "x": 77,
      "y": 52,
      "bigicon": true,
      "icon": {
        "id": "techreborn:industrial_centrifuge",
        "Count": 1
      },
      "prerequisites": [],
      "optionlinks": [],
      "reward": [],
      "rewardchoice": [],
      "commandrewards": []
    },
    {
      "uuid": "506a53d5-495f-4c24-9835-3ce154af8a24",
      "name": "Unnamed",
      "description": "Unnamed quest",
      "x": 296,
      "y": 151,
      "icon": {
        "id": "techreborn:quantum_leggings",
        "Count": 1,
        "tag": {
          "energy": 40000000
        }
      },
      "prerequisites": [
        "762b4741-3412-40fc-b04a-4c57898985c4"
      ],
      "optionlinks": [],
      "reward": [],
      "rewardchoice": [],
      "commandrewards": []
    },
    {
      "uuid": "6774cbc0-fad3-4caa-99a5-db13179e12f9",
      "name": "Unnamed",
      "description": "Unnamed quest",
      "x": 178,
      "y": 100,
      "bigicon": true,
      "icon": {
        "id": "techreborn:basic_solar_panel",
        "Count": 1
      },
      "prerequisites": [],
      "optionlinks": [],
      "reward": [],
      "rewardchoice": [],
      "commandrewards": []
    },
    {
      "uuid": "16867815-cb36-4825-b12d-687aab3e66f5",
      "name": "Unnamed",
      "description": "Unnamed quest",
      "x": 211,
      "y": 174,
      "icon": {
        "id": "techreborn:quantum_chestplate",
        "Count": 1,
        "tag": {
          "energy": 40000000
        }
      },
      "prerequisites": [
        "762b4741-3412-40fc-b04a-4c57898985c4"
      ],
      "optionlinks": [],
      "reward": [],
      "rewardchoice": [],
      "commandrewards": []
    },
    {
      "uuid": "da4cf169-baa2-4a74-bba3-09fa9f032234",
      "name": "Unnamed",
      "description": "Unnamed quest",
      "x": 115,
      "y": 17,
      "icon": {
        "id": "techreborn:solid_fuel_generator",
        "Count": 1
      },
      "prerequisites": [
        "9c5114a5-4aa6-4d6c-9c3c-5e5916c00eb6"
      ],
      "optionlinks": [],
      "reward": [],
      "rewardchoice": [],
      "commandrewards": []
    },
    {
      "uuid": "490cb0c9-9a99-40cc-b66e-adfb5407491f",
      "name": "Unnamed",
      "description": "Unnamed quest",
      "x": 242,
      "y": 17,
      "icon": {
        "id": "techreborn:industrial_machine_casing",
        "Count": 1
      },
      "prerequisites": [
        "92fbabed-c8c5-47e7-8725-c7402176368a"
      ],
      "optionlinks": [],
      "reward": [],
      "rewardchoice": [],
      "commandrewards": []
    },
    {
      "uuid": "41f33d63-81a7-41ff-b24e-3b47be19e987",
      "name": "Unnamed",
      "description": "Unnamed quest",
      "x": 193,
      "y": 151,
      "icon": {
        "id": "techreborn:quantum_helmet",
        "Count": 1,
        "tag": {
          "energy": 40000000
        }
      },
      "prerequisites": [
        "762b4741-3412-40fc-b04a-4c57898985c4"
      ],
      "optionlinks": [],
      "reward": [],
      "rewardchoice": [],
      "commandrewards": []
    },
    {
      "uuid": "e4dd9a44-d8fd-4a03-a073-62b61d6421a6",
      "name": "Unnamed",
      "description": "Unnamed quest",
      "x": 80,
      "y": 93,
      "icon": {
        "id": "techreborn:industrial_electrolyzer",
        "Count": 1
      },
      "prerequisites": [
        "500a0cd3-5589-43b2-90a3-c8d5da4fe7c2"
      ],
      "optionlinks": [],
      "reward": [],
      "rewardchoice": [],
      "commandrewards": []
    },
    {
      "uuid": "5e0ba6bc-1118-492a-9473-c20b5de8edb9",
      "name": "Unnamed",
      "description": "Unnamed quest",
      "x": 80,
      "y": 124,
      "icon": {
        "id": "techreborn:industrial_blast_furnace",
        "Count": 1
      },
      "prerequisites": [
        "e4dd9a44-d8fd-4a03-a073-62b61d6421a6"
      ],
      "optionlinks": [],
      "reward": [],
      "rewardchoice": [],
      "commandrewards": []
    },
    {
      "uuid": "262e197c-05bd-4585-af08-340480d4351e",
      "name": "Unnamed",
      "description": "Unnamed quest",
      "x": 115,
      "y": 113,
      "icon": {
        "id": "techreborn:extractor",
        "Count": 1
      },
      "prerequisites": [
        "f579323a-7696-4c05-a6e7-d6f218e316dd"
      ],
      "optionlinks": [],
      "reward": [],
      "rewardchoice": [],
      "commandrewards": []
    },
    {
      "uuid": "9c5114a5-4aa6-4d6c-9c3c-5e5916c00eb6",
      "name": "Unnamed",
      "description": "Unnamed quest",
      "x": 86,
      "y": 17,
      "icon": {
        "id": "techreborn:insulated_copper_cable",
        "Count": 1
      },
      "prerequisites": [
        "dc623187-de44-488b-ac0a-bc9c6fda0d6f"
      ],
      "optionlinks": [],
      "reward": [],
      "rewardchoice": [],
      "commandrewards": []
    },
    {
      "uuid": "92fbabed-c8c5-47e7-8725-c7402176368a",
      "name": "Unnamed",
      "description": "Unnamed quest",
      "x": 213,
      "y": 17,
      "icon": {
        "id": "techreborn:advanced_machine_casing",
        "Count": 1
      },
      "prerequisites": [
        "92788318-498d-471a-94dd-3f80a460c9cf"
      ],
      "optionlinks": [],
      "reward": [],
      "rewardchoice": [],
      "commandrewards": []
    },
    {
      "uuid": "95f7a31d-1471-410d-99c7-f783df48b228",
      "name": "Unnamed",
      "description": "Unnamed quest",
      "x": 21,
      "y": 14,
      "bigicon": true,
      "icon": {
        "id": "techreborn:treetap",
        "Count": 1,
        "tag": {
          "Damage": 0
        }
      },
      "prerequisites": [],
      "optionlinks": [],
      "reward": [],
      "rewardchoice": [],
      "commandrewards": []
    },
    {
      "uuid": "0ff1870d-a0ee-47b2-b067-aaee45a8a7f4",
      "name": "Unnamed",
      "description": "Unnamed quest",
      "x": 24,
      "y": 120,
      "icon": {
        "id": "techreborn:basic_jackhammer",
        "Count": 1,
        "tag": {
          "Damage": 0,
          "energy": 10000
        }
      },
      "prerequisites": [
        "428b2a39-9483-4da8-8b31-c6ef684a1930"
      ],
      "optionlinks": [],
      "reward": [],
      "rewardchoice": [],
      "commandrewards": []
    },
    {
      "uuid": "04ccd675-d6a6-47cd-af7f-76b5d23ba7d5",
      "name": "Unnamed",
      "description": "Unnamed quest",
      "x": 280,
      "y": 174,
      "icon": {
        "id": "techreborn:quantum_boots",
        "Count": 1,
        "tag": {
          "energy": 40000000
        }
      },
      "prerequisites": [
        "762b4741-3412-40fc-b04a-4c57898985c4"
      ],
      "optionlinks": [],
      "reward": [],
      "rewardchoice": [],
      "commandrewards": []
    },
    {
      "uuid": "be21e4f0-dbd5-4a0f-8c26-a38c76926304",
      "name": "Unnamed",
      "description": "Unnamed quest",
      "x": 272,
      "y": 103,
      "icon": {
        "id": "techreborn:ultimate_solar_panel",
        "Count": 1
      },
      "prerequisites": [
        "a1680996-a7c0-41bb-b96c-3903071111ba"
      ],
      "optionlinks": [],
      "reward": [],
      "rewardchoice": [],
      "commandrewards": []
    },
    {
      "uuid": "a6999c66-91fe-4940-9c5a-ca1209fa494b",
      "name": "Unnamed",
      "description": "Unnamed quest",
      "x": 115,
      "y": 48,
      "icon": {
        "id": "techreborn:electric_furnace",
        "Count": 1
      },
      "prerequisites": [
        "da4cf169-baa2-4a74-bba3-09fa9f032234"
      ],
      "optionlinks": [],
      "reward": [],
      "rewardchoice": [],
      "commandrewards": []
    },
    {
      "uuid": "4ea70b59-083b-4597-8696-42df0db98b1b",
      "name": "Unnamed",
      "description": "Unnamed quest",
      "x": 242,
      "y": 60,
      "icon": {
        "id": "techreborn:fusion_control_computer",
        "Count": 1
      },
      "prerequisites": [
        "1481bbc3-37a8-4042-8322-daca33a9f9ba"
      ],
      "optionlinks": [],
      "reward": [],
      "rewardchoice": [],
      "commandrewards": []
    },
    {
      "uuid": "f579323a-7696-4c05-a6e7-d6f218e316dd",
      "name": "Unnamed",
      "description": "Unnamed quest",
      "x": 115,
      "y": 80,
      "icon": {
        "id": "techreborn:grinder",
        "Count": 1
      },
      "prerequisites": [
        "a6999c66-91fe-4940-9c5a-ca1209fa494b"
      ],
      "optionlinks": [],
      "reward": [],
      "rewardchoice": [],
      "commandrewards": []
    },
    {
      "uuid": "428b2a39-9483-4da8-8b31-c6ef684a1930",
      "name": "Unnamed",
      "description": "Unnamed quest",
      "x": 24,
      "y": 87,
      "icon": {
        "id": "techreborn:basic_chainsaw",
        "Count": 1,
        "tag": {
          "energy": 10000
        }
      },
      "prerequisites": [
        "141bc0af-5c07-40a9-b03a-f5dbf1e4300a"
      ],
      "optionlinks": [],
      "reward": [],
      "rewardchoice": [],
      "commandrewards": []
    }
  ],
  "reputationBar": [],
  "description": "Tech Reborn is a completely standalone tech mod including tools and machines to gather resources, process materials, and progress through the mod."
}